,study_name,sample_number,species,region,island,stage,individual_id,clutch_completion,date_egg,bill_length_mm,bill_depth_mm,flipper_length_mm,body_mass_g,sex,delta_15_n_o_oo,delta_13_c_o_oo,comments,date_e
1,PAL0708,1,Adelie,Anvers,Torgersen,"Adult, 1 Egg Stage",N1A1,Yes,11/11/07,39.1,18.7,181,3750,MALE,NA,NA,Not enough blood for isotopes.,11/11/07
2,PAL0708,2,Adelie,Anvers,Torgersen,"Adult, 1 Egg Stage",N1A2,Yes,11/11/07,39.5,17.4,186,3800,FEMALE,8.94956,-24.69454,NA,11/11/07
3,PAL0708,3,Adelie,Anvers,Torgersen,"Adult, 1 Egg Stage",N2A1,Yes,11/16/07,40.3,18,195,3250,FEMALE,8.36821,-25.33302,NA,11/16/07
4,PAL0708,5,Adelie,Anvers,Torgersen,"Adult, 1 Egg Stage",N3A1,Yes,11/16/07,36.7,19.3,193,3450,FEMALE,8.76651,-25.32426,NA,11/16/07
5,PAL0708,6,Adelie,Anvers,Torgersen,"Adult, 1 Egg Stage",N3A2,Yes,11/16/07,39.3,20.6,190,3650,MALE,8.66496,-25.29805,NA,11/16/07
6,PAL0708,7,Adelie,Anvers,Torgersen,"Adult, 1 Egg Stage",N4A1,No,11/15/07,38.9,17.8,181,3625,FEMALE,9.18718,-25.21799,Nest never observed with full clutch.,11/15/07
7,PAL0708,8,Adelie,Anvers,Torgersen,"Adult, 1 Egg Stage",N4A2,No,11/15/07,39.2,19.6,195,4675,MALE,9.4606,-24.89958,Nest never observed with full clutch.,11/15/07
8,PAL0708,13,Adelie,Anvers,Torgersen,"Adult, 1 Egg Stage",N7A1,Yes,11/15/07,41.1,17.6,182,3200,FEMALE,NA,NA,Not enough blood for isotopes.,11/15/07
9,PAL0708,14,Adelie,Anvers,Torgersen,"Adult, 1 Egg Stage",N7A2,Yes,11/15/07,38.6,21.2,191,3800,MALE,NA,NA,Not enough blood for isotopes.,11/15/07
10,PAL0708,15,Adelie,Anvers,Torgersen,"Adult, 1 Egg Stage",N8A1,Yes,11/16/07,34.6,21.1,198,4400,MALE,8.55583,-25.22588,NA,11/16/07
11,PAL0708,16,Adelie,Anvers,Torgersen,"Adult, 1 Egg Stage",N8A2,Yes,11/16/07,36.6,17.8,185,3700,FEMALE,NA,NA,Not enough blood for isotopes.,11/16/07
12,PAL0708,17,Adelie,Anvers,Torgersen,"Adult, 1 Egg Stage",N9A1,Yes,11/12/07,38.7,19,195,3450,FEMALE,9.18528,-25.06691,NA,11/12/07
13,PAL0708,18,Adelie,Anvers,Torgersen,"Adult, 1 Egg Stage",N9A2,Yes,11/12/07,42.5,20.7,197,4500,MALE,8.67538,-25.13993,NA,11/12/07
14,PAL0708,19,Adelie,Anvers,Torgersen,"Adult, 1 Egg Stage",N10A1,Yes,11/16/07,34.4,18.4,184,3325,FEMALE,8.47827,-25.23319,NA,11/16/07
15,PAL0708,20,Adelie,Anvers,Torgersen,"Adult, 1 Egg Stage",N10A2,Yes,11/16/07,46,21.5,194,4200,MALE,9.11616,-24.77227,NA,11/16/07
16,PAL0708,21,Adelie,Anvers,Biscoe,"Adult, 1 Egg Stage",N11A1,Yes,11/12/07,37.8,18.3,174,3400,FEMALE,8.73762,-25.09383,NA,11/12/07
17,PAL0708,22,Adelie,Anvers,Biscoe,"Adult, 1 Egg Stage",N11A2,Yes,11/12/07,37.7,18.7,180,3600,MALE,8.66271,-25.0639,NA,11/12/07
18,PAL0708,23,Adelie,Anvers,Biscoe,"Adult, 1 Egg Stage",N12A1,Yes,11/12/07,35.9,19.2,189,3800,FEMALE,9.22286,-25.03474,NA,11/12/07
19,PAL0708,24,Adelie,Anvers,Biscoe,"Adult, 1 Egg Stage",N12A2,Yes,11/12/07,38.2,18.1,185,3950,MALE,8.43423,-25.22664,NA,11/12/07
20,PAL0708,25,Adelie,Anvers,Biscoe,"Adult, 1 Egg Stage",N13A1,Yes,11/10/07,38.8,17.2,180,3800,MALE,9.63954,-25.29856,NA,11/10/07
21,PAL0708,26,Adelie,Anvers,Biscoe,"Adult, 1 Egg Stage",N13A2,Yes,11/10/07,35.3,18.9,187,3800,FEMALE,9.21292,-24.3613,NA,11/10/07
22,PAL0708,27,Adelie,Anvers,Biscoe,"Adult, 1 Egg Stage",N17A1,Yes,11/12/07,40.6,18.6,183,3550,MALE,8.93997,-25.36288,NA,11/12/07
23,PAL0708,28,Adelie,Anvers,Biscoe,"Adult, 1 Egg Stage",N17A2,Yes,11/12/07,40.5,17.9,187,3200,FEMALE,8.08138,-25.49448,NA,11/12/07
24,PAL0708,29,Adelie,Anvers,Biscoe,"Adult, 1 Egg Stage",N18A1,No,11/10/07,37.9,18.6,172,3150,FEMALE,8.38404,-25.19837,Nest never observed with full clutch.,11/10/07
25,PAL0708,30,Adelie,Anvers,Biscoe,"Adult, 1 Egg Stage",N18A2,No,11/10/07,40.5,18.9,180,3950,MALE,8.90027,-25.11609,Nest never observed with full clutch.,11/10/07
26,PAL0708,31,Adelie,Anvers,Dream,"Adult, 1 Egg Stage",N21A1,Yes,11/9/07,39.5,16.7,178,3250,FEMALE,9.69756,-25.11223,NA,11/9/07
27,PAL0708,32,Adelie,Anvers,Dream,"Adult, 1 Egg Stage",N21A2,Yes,11/9/07,37.2,18.1,178,3900,MALE,9.72764,-25.0102,NA,11/9/07
28,PAL0708,33,Adelie,Anvers,Dream,"Adult, 1 Egg Stage",N22A1,Yes,11/9/07,39.5,17.8,188,3300,FEMALE,9.66523,-25.0602,NA,11/9/07
29,PAL0708,34,Adelie,Anvers,Dream,"Adult, 1 Egg Stage",N22A2,Yes,11/9/07,40.9,18.9,184,3900,MALE,8.79665,-25.14591,NA,11/9/07
30,PAL0708,35,Adelie,Anvers,Dream,"Adult, 1 Egg Stage",N23A1,Yes,11/16/07,36.4,17,195,3325,FEMALE,9.17847,-25.23061,NA,11/16/07
31,PAL0708,36,Adelie,Anvers,Dream,"Adult, 1 Egg Stage",N23A2,Yes,11/16/07,39.2,21.1,196,4150,MALE,9.15308,-25.03469,NA,11/16/07
32,PAL0708,37,Adelie,Anvers,Dream,"Adult, 1 Egg Stage",N24A1,Yes,11/16/07,38.8,20,190,3950,MALE,9.18985,-25.12255,NA,11/16/07
33,PAL0708,38,Adelie,Anvers,Dream,"Adult, 1 Egg Stage",N24A2,Yes,11/16/07,42.2,18.5,180,3550,FEMALE,8.04787,-25.49523,NA,11/16/07
34,PAL0708,39,Adelie,Anvers,Dream,"Adult, 1 Egg Stage",N25A1,No,11/13/07,37.6,19.3,181,3300,FEMALE,9.41131,-25.04169,Nest never observed with full clutch.,11/13/07
35,PAL0708,40,Adelie,Anvers,Dream,"Adult, 1 Egg Stage",N25A2,No,11/13/07,39.8,19.1,184,4650,MALE,NA,NA,Nest never observed with full clutch. Not enough blood for isotopes.,11/13/07
36,PAL0708,41,Adelie,Anvers,Dream,"Adult, 1 Egg Stage",N26A1,Yes,11/16/07,36.5,18,182,3150,FEMALE,9.68933,-24.4228,NA,11/16/07
37,PAL0708,42,Adelie,Anvers,Dream,"Adult, 1 Egg Stage",N26A2,Yes,11/16/07,40.8,18.4,195,3900,MALE,NA,NA,Not enough blood for isotopes.,11/16/07
38,PAL0708,43,Adelie,Anvers,Dream,"Adult, 1 Egg Stage",N27A1,Yes,11/19/07,36,18.5,186,3100,FEMALE,9.50772,-25.03492,NA,11/19/07
39,PAL0708,44,Adelie,Anvers,Dream,"Adult, 1 Egg Stage",N27A2,Yes,11/19/07,44.1,19.7,196,4400,MALE,9.2372,-24.52698,NA,11/19/07
40,PAL0708,45,Adelie,Anvers,Dream,"Adult, 1 Egg Stage",N28A1,Yes,11/16/07,37,16.9,185,3000,FEMALE,9.36392,-25.01745,NA,11/16/07
41,PAL0708,46,Adelie,Anvers,Dream,"Adult, 1 Egg Stage",N28A2,Yes,11/16/07,39.6,18.8,190,4600,MALE,9.49106,-24.10255,NA,11/16/07
42,PAL0708,47,Adelie,Anvers,Dream,"Adult, 1 Egg Stage",N29A1,Yes,11/13/07,41.1,19,182,3425,MALE,NA,NA,Not enough blood for isotopes.,11/13/07
43,PAL0708,49,Adelie,Anvers,Dream,"Adult, 1 Egg Stage",N30A1,Yes,11/13/07,36,17.9,190,3450,FEMALE,9.51784,-25.07683,NA,11/13/07
44,PAL0708,50,Adelie,Anvers,Dream,"Adult, 1 Egg Stage",N30A2,Yes,11/13/07,42.3,21.2,191,4150,MALE,8.87988,-25.18543,NA,11/13/07
45,PAL0809,51,Adelie,Anvers,Biscoe,"Adult, 1 Egg Stage",N21A1,Yes,11/6/08,39.6,17.7,186,3500,FEMALE,8.46616,-26.12989,NA,11/6/08
46,PAL0809,52,Adelie,Anvers,Biscoe,"Adult, 1 Egg Stage",N21A2,Yes,11/6/08,40.1,18.9,188,4300,MALE,8.51362,-26.55602,NA,11/6/08
47,PAL0809,53,Adelie,Anvers,Biscoe,"Adult, 1 Egg Stage",N22A1,Yes,11/9/08,35,17.9,190,3450,FEMALE,8.19539,-26.17213,NA,11/9/08
48,PAL0809,54,Adelie,Anvers,Biscoe,"Adult, 1 Egg Stage",N22A2,Yes,11/9/08,42,19.5,200,4050,MALE,8.48095,-26.3146,NA,11/9/08
49,PAL0809,55,Adelie,Anvers,Biscoe,"Adult, 1 Egg Stage",N23A1,Yes,11/9/08,34.5,18.1,187,2900,FEMALE,8.41837,-26.54718,NA,11/9/08
50,PAL0809,56,Adelie,Anvers,Biscoe,"Adult, 1 Egg Stage",N23A2,Yes,11/9/08,41.4,18.6,191,3700,MALE,8.35396,-26.27853,NA,11/9/08
51,PAL0809,57,Adelie,Anvers,Biscoe,"Adult, 1 Egg Stage",N24A1,Yes,11/15/08,39,17.5,186,3550,FEMALE,8.57199,-26.07188,NA,11/15/08
52,PAL0809,58,Adelie,Anvers,Biscoe,"Adult, 1 Egg Stage",N24A2,Yes,11/15/08,40.6,18.8,193,3800,MALE,8.56674,-25.98843,NA,11/15/08
53,PAL0809,59,Adelie,Anvers,Biscoe,"Adult, 1 Egg Stage",N25A1,Yes,11/15/08,36.5,16.6,181,2850,FEMALE,9.07878,-25.88156,NA,11/15/08
54,PAL0809,60,Adelie,Anvers,Biscoe,"Adult, 1 Egg Stage",N25A2,Yes,11/15/08,37.6,19.1,194,3750,MALE,9.108,-25.89677,NA,11/15/08
55,PAL0809,61,Adelie,Anvers,Biscoe,"Adult, 1 Egg Stage",N27A1,Yes,11/13/08,35.7,16.9,185,3150,FEMALE,8.96472,-26.40943,NA,11/13/08
56,PAL0809,62,Adelie,Anvers,Biscoe,"Adult, 1 Egg Stage",N27A2,Yes,11/13/08,41.3,21.1,195,4400,MALE,8.74802,-26.37809,NA,11/13/08
57,PAL0809,63,Adelie,Anvers,Biscoe,"Adult, 1 Egg Stage",N28A1,Yes,11/13/08,37.6,17,185,3600,FEMALE,8.58063,-26.21569,NA,11/13/08
58,PAL0809,64,Adelie,Anvers,Biscoe,"Adult, 1 Egg Stage",N28A2,Yes,11/13/08,41.1,18.2,192,4050,MALE,8.62264,-26.60023,NA,11/13/08
59,PAL0809,65,Adelie,Anvers,Biscoe,"Adult, 1 Egg Stage",N29A1,Yes,11/13/08,36.4,17.1,184,2850,FEMALE,8.62623,-26.1165,NA,11/13/08
60,PAL0809,66,Adelie,Anvers,Biscoe,"Adult, 1 Egg Stage",N29A2,Yes,11/13/08,41.6,18,192,3950,MALE,8.85562,-26.09294,NA,11/13/08
61,PAL0809,67,Adelie,Anvers,Biscoe,"Adult, 1 Egg Stage",N30A1,Yes,11/6/08,35.5,16.2,195,3350,FEMALE,8.56192,-25.95541,NA,11/6/08
62,PAL0809,68,Adelie,Anvers,Biscoe,"Adult, 1 Egg Stage",N30A2,Yes,11/6/08,41.1,19.1,188,4100,MALE,8.71078,-25.81012,NA,11/6/08
63,PAL0809,69,Adelie,Anvers,Torgersen,"Adult, 1 Egg Stage",N32A1,No,11/11/08,35.9,16.6,190,3050,FEMALE,8.47781,-26.07821,Nest never observed with full clutch.,11/11/08
64,PAL0809,70,Adelie,Anvers,Torgersen,"Adult, 1 Egg Stage",N32A2,No,11/11/08,41.8,19.4,198,4450,MALE,8.86853,-26.06209,Nest never observed with full clutch.,11/11/08
65,PAL0809,71,Adelie,Anvers,Torgersen,"Adult, 1 Egg Stage",N34A1,Yes,11/14/08,33.5,19,190,3600,FEMALE,7.88863,-26.63085,NA,11/14/08
66,PAL0809,72,Adelie,Anvers,Torgersen,"Adult, 1 Egg Stage",N34A2,Yes,11/14/08,39.7,18.4,190,3900,MALE,9.29808,-25.23453,NA,11/14/08
67,PAL0809,73,Adelie,Anvers,Torgersen,"Adult, 1 Egg Stage",N35A1,Yes,11/11/08,39.6,17.2,196,3550,FEMALE,8.33524,-26.55351,NA,11/11/08
68,PAL0809,74,Adelie,Anvers,Torgersen,"Adult, 1 Egg Stage",N35A2,Yes,11/11/08,45.8,18.9,197,4150,MALE,8.18658,-26.45978,NA,11/11/08
69,PAL0809,75,Adelie,Anvers,Torgersen,"Adult, 1 Egg Stage",N36A1,Yes,11/8/08,35.5,17.5,190,3700,FEMALE,8.70642,-26.15003,NA,11/8/08
70,PAL0809,76,Adelie,Anvers,Torgersen,"Adult, 1 Egg Stage",N36A2,Yes,11/8/08,42.8,18.5,195,4250,MALE,8.2993,-26.38986,NA,11/8/08
71,PAL0809,77,Adelie,Anvers,Torgersen,"Adult, 1 Egg Stage",N37A1,Yes,11/6/08,40.9,16.8,191,3700,FEMALE,8.47257,-26.02002,NA,11/6/08
72,PAL0809,78,Adelie,Anvers,Torgersen,"Adult, 1 Egg Stage",N37A2,Yes,11/6/08,37.2,19.4,184,3900,MALE,8.3554,-26.44787,NA,11/6/08
73,PAL0809,79,Adelie,Anvers,Torgersen,"Adult, 1 Egg Stage",N38A1,Yes,11/9/08,36.2,16.1,187,3550,FEMALE,7.82381,-26.51382,NA,11/9/08
74,PAL0809,80,Adelie,Anvers,Torgersen,"Adult, 1 Egg Stage",N38A2,Yes,11/9/08,42.1,19.1,195,4000,MALE,9.05736,-25.81513,NA,11/9/08
75,PAL0809,81,Adelie,Anvers,Torgersen,"Adult, 1 Egg Stage",N39A1,Yes,11/2/08,34.6,17.2,189,3200,FEMALE,7.69778,-26.5387,NA,11/2/08
76,PAL0809,82,Adelie,Anvers,Torgersen,"Adult, 1 Egg Stage",N39A2,Yes,11/2/08,42.9,17.6,196,4700,MALE,8.63259,-26.23027,NA,11/2/08
77,PAL0809,83,Adelie,Anvers,Torgersen,"Adult, 1 Egg Stage",N40A1,Yes,11/7/08,36.7,18.8,187,3800,FEMALE,7.88494,-26.24837,NA,11/7/08
78,PAL0809,84,Adelie,Anvers,Torgersen,"Adult, 1 Egg Stage",N40A2,Yes,11/7/08,35.1,19.4,193,4200,MALE,8.90002,-26.46254,NA,11/7/08
79,PAL0809,85,Adelie,Anvers,Dream,"Adult, 1 Egg Stage",N41A1,Yes,11/17/08,37.3,17.8,191,3350,FEMALE,8.32718,-26.38396,NA,11/17/08
80,PAL0809,86,Adelie,Anvers,Dream,"Adult, 1 Egg Stage",N41A2,Yes,11/17/08,41.3,20.3,194,3550,MALE,9.14863,-26.09635,NA,11/17/08
81,PAL0809,87,Adelie,Anvers,Dream,"Adult, 1 Egg Stage",N42A1,Yes,11/8/08,36.3,19.5,190,3800,MALE,8.57087,-26.22227,NA,11/8/08
82,PAL0809,88,Adelie,Anvers,Dream,"Adult, 1 Egg Stage",N42A2,Yes,11/8/08,36.9,18.6,189,3500,FEMALE,8.59147,-26.08165,NA,11/8/08
83,PAL0809,89,Adelie,Anvers,Dream,"Adult, 1 Egg Stage",N44A1,Yes,11/8/08,38.3,19.2,189,3950,MALE,9.07826,-26.12417,NA,11/8/08
84,PAL0809,90,Adelie,Anvers,Dream,"Adult, 1 Egg Stage",N44A2,Yes,11/8/08,38.9,18.8,190,3600,FEMALE,8.36936,-26.11199,NA,11/8/08
85,PAL0809,91,Adelie,Anvers,Dream,"Adult, 1 Egg Stage",N45A1,Yes,11/14/08,35.7,18,202,3550,FEMALE,8.46531,-26.05621,NA,11/14/08
86,PAL0809,92,Adelie,Anvers,Dream,"Adult, 1 Egg Stage",N45A2,Yes,11/14/08,41.1,18.1,205,4300,MALE,8.77018,-25.83352,NA,11/14/08
87,PAL0809,93,Adelie,Anvers,Dream,"Adult, 1 Egg Stage",N46A1,Yes,11/5/08,34,17.1,185,3400,FEMALE,8.01485,-26.69543,NA,11/5/08
88,PAL0809,94,Adelie,Anvers,Dream,"Adult, 1 Egg Stage",N46A2,Yes,11/5/08,39.6,18.1,186,4450,MALE,8.49915,-26.42406,NA,11/5/08
89,PAL0809,95,Adelie,Anvers,Dream,"Adult, 1 Egg Stage",N48A1,Yes,11/17/08,36.2,17.3,187,3300,FEMALE,8.90723,-26.30037,NA,11/17/08
90,PAL0809,96,Adelie,Anvers,Dream,"Adult, 1 Egg Stage",N48A2,Yes,11/17/08,40.8,18.9,208,4300,MALE,8.48204,-26.57941,NA,11/17/08
91,PAL0809,97,Adelie,Anvers,Dream,"Adult, 1 Egg Stage",N49A1,Yes,11/8/08,38.1,18.6,190,3700,FEMALE,8.10277,-26.50086,NA,11/8/08
92,PAL0809,98,Adelie,Anvers,Dream,"Adult, 1 Egg Stage",N49A2,Yes,11/8/08,40.3,18.5,196,4350,MALE,8.39459,-26.01152,NA,11/8/08
93,PAL0809,99,Adelie,Anvers,Dream,"Adult, 1 Egg Stage",N50A1,Yes,11/10/08,33.1,16.1,178,2900,FEMALE,9.04218,-26.15775,NA,11/10/08
94,PAL0809,100,Adelie,Anvers,Dream,"Adult, 1 Egg Stage",N50A2,Yes,11/10/08,43.2,18.5,192,4100,MALE,8.97025,-26.03679,NA,11/10/08
95,PAL0910,101,Adelie,Anvers,Biscoe,"Adult, 1 Egg Stage",N47A1,Yes,11/9/09,35,17.9,192,3725,FEMALE,8.84451,-26.28055,NA,11/9/09
96,PAL0910,102,Adelie,Anvers,Biscoe,"Adult, 1 Egg Stage",N47A2,Yes,11/9/09,41,20,203,4725,MALE,9.01079,-26.38085,NA,11/9/09
97,PAL0910,103,Adelie,Anvers,Biscoe,"Adult, 1 Egg Stage",N49A1,Yes,11/15/09,37.7,16,183,3075,FEMALE,9.2151,-26.2253,NA,11/15/09
98,PAL0910,104,Adelie,Anvers,Biscoe,"Adult, 1 Egg Stage",N49A2,Yes,11/15/09,37.8,20,190,4250,MALE,9.51929,-25.69199,NA,11/15/09
99,PAL0910,105,Adelie,Anvers,Biscoe,"Adult, 1 Egg Stage",N51A1,Yes,11/15/09,37.9,18.6,193,2925,FEMALE,9.02642,-25.86482,NA,11/15/09
100,PAL0910,106,Adelie,Anvers,Biscoe,"Adult, 1 Egg Stage",N51A2,Yes,11/15/09,39.7,18.9,184,3550,MALE,8.85699,-25.80208,NA,11/15/09
101,PAL0910,107,Adelie,Anvers,Biscoe,"Adult, 1 Egg Stage",N53A1,Yes,11/15/09,38.6,17.2,199,3750,FEMALE,8.77322,-26.48973,NA,11/15/09
102,PAL0910,108,Adelie,Anvers,Biscoe,"Adult, 1 Egg Stage",N53A2,Yes,11/15/09,38.2,20,190,3900,MALE,9.59245,-25.70711,NA,11/15/09
103,PAL0910,109,Adelie,Anvers,Biscoe,"Adult, 1 Egg Stage",N55A1,Yes,11/20/09,38.1,17,181,3175,FEMALE,9.79532,-25.27385,NA,11/20/09
104,PAL0910,110,Adelie,Anvers,Biscoe,"Adult, 1 Egg Stage",N55A2,Yes,11/20/09,43.2,19,197,4775,MALE,9.31735,-25.45171,NA,11/20/09
105,PAL0910,111,Adelie,Anvers,Biscoe,"Adult, 1 Egg Stage",N58A1,Yes,11/12/09,38.1,16.5,198,3825,FEMALE,8.43951,-26.57563,NA,11/12/09
106,PAL0910,112,Adelie,Anvers,Biscoe,"Adult, 1 Egg Stage",N58A2,Yes,11/12/09,45.6,20.3,191,4600,MALE,8.65466,-26.32909,NA,11/12/09
107,PAL0910,113,Adelie,Anvers,Biscoe,"Adult, 1 Egg Stage",N60A1,Yes,11/15/09,39.7,17.7,193,3200,FEMALE,9.02657,-26.06203,NA,11/15/09
108,PAL0910,114,Adelie,Anvers,Biscoe,"Adult, 1 Egg Stage",N60A2,Yes,11/15/09,42.2,19.5,197,4275,MALE,8.80186,-26.41218,NA,11/15/09
109,PAL0910,115,Adelie,Anvers,Biscoe,"Adult, 1 Egg Stage",N61A1,Yes,11/17/09,39.6,20.7,191,3900,FEMALE,8.80967,-26.78958,NA,11/17/09
110,PAL0910,116,Adelie,Anvers,Biscoe,"Adult, 1 Egg Stage",N61A2,Yes,11/17/09,42.7,18.3,196,4075,MALE,8.91434,-26.42018,NA,11/17/09
111,PAL0910,117,Adelie,Anvers,Torgersen,"Adult, 1 Egg Stage",N63A1,Yes,11/18/09,38.6,17,188,2900,FEMALE,9.18021,-25.77264,NA,11/18/09
112,PAL0910,118,Adelie,Anvers,Torgersen,"Adult, 1 Egg Stage",N63A2,Yes,11/18/09,37.3,20.5,199,3775,MALE,9.49645,-26.36678,NA,11/18/09
113,PAL0910,119,Adelie,Anvers,Torgersen,"Adult, 1 Egg Stage",N64A1,Yes,11/22/09,35.7,17,189,3350,FEMALE,8.96436,-23.90309,NA,11/22/09
114,PAL0910,120,Adelie,Anvers,Torgersen,"Adult, 1 Egg Stage",N64A2,Yes,11/22/09,41.1,18.6,189,3325,MALE,9.32277,-26.09989,NA,11/22/09
115,PAL0910,121,Adelie,Anvers,Torgersen,"Adult, 1 Egg Stage",N66A1,No,11/17/09,36.2,17.2,187,3150,FEMALE,9.04296,-26.19444,Nest never observed with full clutch.,11/17/09
116,PAL0910,122,Adelie,Anvers,Torgersen,"Adult, 1 Egg Stage",N66A2,No,11/17/09,37.7,19.8,198,3500,MALE,9.11066,-26.42563,Nest never observed with full clutch.,11/17/09
117,PAL0910,123,Adelie,Anvers,Torgersen,"Adult, 1 Egg Stage",N67A1,Yes,11/16/09,40.2,17,176,3450,FEMALE,9.30722,-25.61039,NA,11/16/09
118,PAL0910,124,Adelie,Anvers,Torgersen,"Adult, 1 Egg Stage",N67A2,Yes,11/16/09,41.4,18.5,202,3875,MALE,9.59462,-25.42621,NA,11/16/09
119,PAL0910,125,Adelie,Anvers,Torgersen,"Adult, 1 Egg Stage",N69A1,Yes,11/18/09,35.2,15.9,186,3050,FEMALE,8.81668,-25.95399,NA,11/18/09
120,PAL0910,126,Adelie,Anvers,Torgersen,"Adult, 1 Egg Stage",N69A2,Yes,11/18/09,40.6,19,199,4000,MALE,9.22537,-25.60826,NA,11/18/09
121,PAL0910,127,Adelie,Anvers,Torgersen,"Adult, 1 Egg Stage",N71A1,Yes,11/21/09,38.8,17.6,191,3275,FEMALE,8.88098,-25.89741,NA,11/21/09
122,PAL0910,128,Adelie,Anvers,Torgersen,"Adult, 1 Egg Stage",N71A2,Yes,11/21/09,41.5,18.3,195,4300,MALE,8.52566,-26.0245,NA,11/21/09
123,PAL0910,129,Adelie,Anvers,Torgersen,"Adult, 1 Egg Stage",N72A1,Yes,11/18/09,39,17.1,191,3050,FEMALE,9.19031,-25.73722,NA,11/18/09
124,PAL0910,130,Adelie,Anvers,Torgersen,"Adult, 1 Egg Stage",N72A2,Yes,11/18/09,44.1,18,210,4000,MALE,9.10702,-26.01363,NA,11/18/09
125,PAL0910,131,Adelie,Anvers,Torgersen,"Adult, 1 Egg Stage",N73A1,No,11/23/09,38.5,17.9,190,3325,FEMALE,8.9846,-25.57956,Nest never observed with full clutch.,11/23/09
126,PAL0910,132,Adelie,Anvers,Torgersen,"Adult, 1 Egg Stage",N73A2,No,11/23/09,43.1,19.2,197,3500,MALE,8.86495,-26.1396,Nest never observed with full clutch.,11/23/09
127,PAL0910,133,Adelie,Anvers,Dream,"Adult, 1 Egg Stage",N76A1,Yes,11/10/09,36.8,18.5,193,3500,FEMALE,8.98705,-25.57647,NA,11/10/09
128,PAL0910,134,Adelie,Anvers,Dream,"Adult, 1 Egg Stage",N76A2,Yes,11/10/09,37.5,18.5,199,4475,MALE,8.56708,-26.49288,NA,11/10/09
129,PAL0910,135,Adelie,Anvers,Dream,"Adult, 1 Egg Stage",N77A1,Yes,11/13/09,38.1,17.6,187,3425,FEMALE,8.717,-25.77951,NA,11/13/09
130,PAL0910,136,Adelie,Anvers,Dream,"Adult, 1 Egg Stage",N77A2,Yes,11/13/09,41.1,17.5,190,3900,MALE,8.94365,-26.06943,NA,11/13/09
131,PAL0910,137,Adelie,Anvers,Dream,"Adult, 1 Egg Stage",N78A1,Yes,11/16/09,35.6,17.5,191,3175,FEMALE,8.75984,-25.97696,NA,11/16/09
132,PAL0910,138,Adelie,Anvers,Dream,"Adult, 1 Egg Stage",N78A2,Yes,11/16/09,40.2,20.1,200,3975,MALE,8.95998,-26.32601,NA,11/16/09
133,PAL0910,139,Adelie,Anvers,Dream,"Adult, 1 Egg Stage",N79A1,No,11/16/09,37,16.5,185,3400,FEMALE,8.61651,-26.07021,Nest never observed with full clutch.,11/16/09
134,PAL0910,140,Adelie,Anvers,Dream,"Adult, 1 Egg Stage",N79A2,No,11/16/09,39.7,17.9,193,4250,MALE,9.25769,-25.88798,Nest never observed with full clutch.,11/16/09
135,PAL0910,141,Adelie,Anvers,Dream,"Adult, 1 Egg Stage",N80A1,Yes,11/14/09,40.2,17.1,193,3400,FEMALE,9.2881,-25.54976,NA,11/14/09
136,PAL0910,142,Adelie,Anvers,Dream,"Adult, 1 Egg Stage",N80A2,Yes,11/14/09,40.6,17.2,187,3475,MALE,9.23408,-26.01549,NA,11/14/09
137,PAL0910,143,Adelie,Anvers,Dream,"Adult, 1 Egg Stage",N81A1,Yes,11/16/09,32.1,15.5,188,3050,FEMALE,8.79787,-26.61075,NA,11/16/09
138,PAL0910,144,Adelie,Anvers,Dream,"Adult, 1 Egg Stage",N81A2,Yes,11/16/09,40.7,17,190,3725,MALE,9.05674,-25.79529,NA,11/16/09
139,PAL0910,145,Adelie,Anvers,Dream,"Adult, 1 Egg Stage",N82A1,Yes,11/16/09,37.3,16.8,192,3000,FEMALE,9.06829,-25.85203,NA,11/16/09
140,PAL0910,146,Adelie,Anvers,Dream,"Adult, 1 Egg Stage",N82A2,Yes,11/16/09,39,18.7,185,3650,MALE,9.22033,-26.03442,NA,11/16/09
141,PAL0910,147,Adelie,Anvers,Dream,"Adult, 1 Egg Stage",N83A1,Yes,11/13/09,39.2,18.6,190,4250,MALE,9.11006,-25.79549,NA,11/13/09
142,PAL0910,148,Adelie,Anvers,Dream,"Adult, 1 Egg Stage",N83A2,Yes,11/13/09,36.6,18.4,184,3475,FEMALE,8.68744,-25.8306,NA,11/13/09
143,PAL0910,149,Adelie,Anvers,Dream,"Adult, 1 Egg Stage",N84A1,Yes,11/17/09,36,17.8,195,3450,FEMALE,8.94332,-25.79189,NA,11/17/09
144,PAL0910,150,Adelie,Anvers,Dream,"Adult, 1 Egg Stage",N84A2,Yes,11/17/09,37.8,18.1,193,3750,MALE,8.97533,-26.03495,NA,11/17/09
145,PAL0910,151,Adelie,Anvers,Dream,"Adult, 1 Egg Stage",N85A1,Yes,11/17/09,36,17.1,187,3700,FEMALE,8.93465,-26.07081,NA,11/17/09
146,PAL0910,152,Adelie,Anvers,Dream,"Adult, 1 Egg Stage",N85A2,Yes,11/17/09,41.5,18.5,201,4000,MALE,8.8964,-26.06967,NA,11/17/09
147,PAL0708,1,Gentoo,Anvers,Biscoe,"Adult, 1 Egg Stage",N31A1,Yes,11/27/07,46.1,13.2,211,4500,FEMALE,7.993,-25.5139,NA,11/27/07
148,PAL0708,2,Gentoo,Anvers,Biscoe,"Adult, 1 Egg Stage",N31A2,Yes,11/27/07,50,16.3,230,5700,MALE,8.14756,-25.39369,NA,11/27/07
149,PAL0708,3,Gentoo,Anvers,Biscoe,"Adult, 1 Egg Stage",N32A1,Yes,11/27/07,48.7,14.1,210,4450,FEMALE,8.14705,-25.46172,NA,11/27/07
150,PAL0708,4,Gentoo,Anvers,Biscoe,"Adult, 1 Egg Stage",N32A2,Yes,11/27/07,50,15.2,218,5700,MALE,8.2554,-25.40075,NA,11/27/07
151,PAL0708,5,Gentoo,Anvers,Biscoe,"Adult, 1 Egg Stage",N33A1,Yes,11/18/07,47.6,14.5,215,5400,MALE,8.2345,-25.54456,NA,11/18/07
152,PAL0708,6,Gentoo,Anvers,Biscoe,"Adult, 1 Egg Stage",N33A2,Yes,11/18/07,46.5,13.5,210,4550,FEMALE,7.9953,-25.32829,NA,11/18/07
153,PAL0708,7,Gentoo,Anvers,Biscoe,"Adult, 1 Egg Stage",N34A1,Yes,11/27/07,45.4,14.6,211,4800,FEMALE,8.24515,-25.46782,NA,11/27/07
154,PAL0708,8,Gentoo,Anvers,Biscoe,"Adult, 1 Egg Stage",N34A2,Yes,11/27/07,46.7,15.3,219,5200,MALE,8.22673,-25.4276,NA,11/27/07
155,PAL0708,9,Gentoo,Anvers,Biscoe,"Adult, 1 Egg Stage",N35A1,Yes,11/27/07,43.3,13.4,209,4400,FEMALE,8.13643,-25.32176,NA,11/27/07
156,PAL0708,10,Gentoo,Anvers,Biscoe,"Adult, 1 Egg Stage",N35A2,Yes,11/27/07,46.8,15.4,215,5150,MALE,8.1631,-25.38017,NA,11/27/07
157,PAL0708,11,Gentoo,Anvers,Biscoe,"Adult, 1 Egg Stage",N36A1,No,11/27/07,40.9,13.7,214,4650,FEMALE,8.19579,-25.3933,Nest never observed with full clutch.,11/27/07
158,PAL0708,12,Gentoo,Anvers,Biscoe,"Adult, 1 Egg Stage",N36A2,No,11/27/07,49,16.1,216,5550,MALE,8.10417,-25.50562,Nest never observed with full clutch.,11/27/07
159,PAL0708,13,Gentoo,Anvers,Biscoe,"Adult, 1 Egg Stage",N37A1,Yes,11/29/07,45.5,13.7,214,4650,FEMALE,7.77672,-25.4168,NA,11/29/07
160,PAL0708,14,Gentoo,Anvers,Biscoe,"Adult, 1 Egg Stage",N37A2,Yes,11/29/07,48.4,14.6,213,5850,MALE,7.8208,-25.48025,NA,11/29/07
161,PAL0708,15,Gentoo,Anvers,Biscoe,"Adult, 1 Egg Stage",N38A1,Yes,12/3/07,45.8,14.6,210,4200,FEMALE,7.79958,-25.62618,NA,12/3/07
162,PAL0708,16,Gentoo,Anvers,Biscoe,"Adult, 1 Egg Stage",N38A2,Yes,12/3/07,49.3,15.7,217,5850,MALE,8.07137,-25.52473,NA,12/3/07
163,PAL0708,17,Gentoo,Anvers,Biscoe,"Adult, 1 Egg Stage",N39A1,Yes,11/27/07,42,13.5,210,4150,FEMALE,7.63884,-25.52627,NA,11/27/07
164,PAL0708,18,Gentoo,Anvers,Biscoe,"Adult, 1 Egg Stage",N39A2,Yes,11/27/07,49.2,15.2,221,6300,MALE,8.27376,-25.00169,NA,11/27/07
165,PAL0708,19,Gentoo,Anvers,Biscoe,"Adult, 1 Egg Stage",N40A1,Yes,11/27/07,46.2,14.5,209,4800,FEMALE,7.84057,-25.37899,NA,11/27/07
166,PAL0708,20,Gentoo,Anvers,Biscoe,"Adult, 1 Egg Stage",N40A2,Yes,11/27/07,48.7,15.1,222,5350,MALE,7.96491,-25.39587,NA,11/27/07
167,PAL0708,21,Gentoo,Anvers,Biscoe,"Adult, 1 Egg Stage",N41A1,Yes,11/27/07,50.2,14.3,218,5700,MALE,7.8962,-25.37746,NA,11/27/07
168,PAL0708,22,Gentoo,Anvers,Biscoe,"Adult, 1 Egg Stage",N41A2,Yes,11/27/07,45.1,14.5,215,5000,FEMALE,7.6322,-25.46569,NA,11/27/07
169,PAL0708,23,Gentoo,Anvers,Biscoe,"Adult, 1 Egg Stage",N42A1,Yes,11/27/07,46.5,14.5,213,4400,FEMALE,7.90436,-25.3947,NA,11/27/07
170,PAL0708,24,Gentoo,Anvers,Biscoe,"Adult, 1 Egg Stage",N42A2,Yes,11/27/07,46.3,15.8,215,5050,MALE,7.90971,-25.38157,NA,11/27/07
171,PAL0708,25,Gentoo,Anvers,Biscoe,"Adult, 1 Egg Stage",N44A1,Yes,11/29/07,42.9,13.1,215,5000,FEMALE,7.68528,-25.39181,NA,11/29/07
172,PAL0708,26,Gentoo,Anvers,Biscoe,"Adult, 1 Egg Stage",N44A2,Yes,11/29/07,46.1,15.1,215,5100,MALE,7.83733,-25.42826,NA,11/29/07
173,PAL0708,28,Gentoo,Anvers,Biscoe,"Adult, 1 Egg Stage",N46A2,Yes,11/29/07,47.8,15,215,5650,MALE,7.92358,-25.48383,NA,11/29/07
174,PAL0708,29,Gentoo,Anvers,Biscoe,"Adult, 1 Egg Stage",N47A1,Yes,11/29/07,48.2,14.3,210,4600,FEMALE,7.6887,-25.50811,NA,11/29/07
175,PAL0708,30,Gentoo,Anvers,Biscoe,"Adult, 1 Egg Stage",N47A2,Yes,11/29/07,50,15.3,220,5550,MALE,8.30515,-25.19017,NA,11/29/07
176,PAL0708,31,Gentoo,Anvers,Biscoe,"Adult, 1 Egg Stage",N50A1,Yes,11/29/07,47.3,15.3,222,5250,MALE,NA,NA,Not enough blood for isotopes.,11/29/07
177,PAL0708,32,Gentoo,Anvers,Biscoe,"Adult, 1 Egg Stage",N50A2,Yes,11/29/07,42.8,14.2,209,4700,FEMALE,7.63452,-25.46327,NA,11/29/07
178,PAL0708,33,Gentoo,Anvers,Biscoe,"Adult, 1 Egg Stage",N56A1,Yes,12/3/07,45.1,14.5,207,5050,FEMALE,7.97408,-25.53768,NA,12/3/07
179,PAL0708,34,Gentoo,Anvers,Biscoe,"Adult, 1 Egg Stage",N56A2,Yes,12/3/07,59.6,17,230,6050,MALE,7.76843,-25.6821,NA,12/3/07
180,PAL0809,35,Gentoo,Anvers,Biscoe,"Adult, 1 Egg Stage",N2A1,Yes,11/13/08,49.1,14.8,220,5150,FEMALE,7.89744,-26.63405,NA,11/13/08
181,PAL0809,36,Gentoo,Anvers,Biscoe,"Adult, 1 Egg Stage",N2A2,Yes,11/13/08,48.4,16.3,220,5400,MALE,8.03659,-26.86127,NA,11/13/08
182,PAL0809,37,Gentoo,Anvers,Biscoe,"Adult, 1 Egg Stage",N4A1,Yes,11/2/08,42.6,13.7,213,4950,FEMALE,7.96935,-26.70968,NA,11/2/08
183,PAL0809,38,Gentoo,Anvers,Biscoe,"Adult, 1 Egg Stage",N4A2,Yes,11/2/08,44.4,17.3,219,5250,MALE,8.13746,-26.79093,NA,11/2/08
184,PAL0809,39,Gentoo,Anvers,Biscoe,"Adult, 1 Egg Stage",N5A1,Yes,11/9/08,44,13.6,208,4350,FEMALE,8.01979,-26.68311,NA,11/9/08
185,PAL0809,40,Gentoo,Anvers,Biscoe,"Adult, 1 Egg Stage",N5A2,Yes,11/9/08,48.7,15.7,208,5350,MALE,8.14776,-26.84506,NA,11/9/08
186,PAL0809,41,Gentoo,Anvers,Biscoe,"Adult, 1 Egg Stage",N6A1,No,11/4/08,42.7,13.7,208,3950,FEMALE,8.14567,-26.59467,Nest never observed with full clutch.,11/4/08
187,PAL0809,42,Gentoo,Anvers,Biscoe,"Adult, 1 Egg Stage",N6A2,No,11/4/08,49.6,16,225,5700,MALE,8.38324,-26.84272,Nest never observed with full clutch.,11/4/08
188,PAL0809,43,Gentoo,Anvers,Biscoe,"Adult, 1 Egg Stage",N7A1,Yes,11/4/08,45.3,13.7,210,4300,FEMALE,8.37615,-26.72791,NA,11/4/08
189,PAL0809,44,Gentoo,Anvers,Biscoe,"Adult, 1 Egg Stage",N7A2,Yes,11/4/08,49.6,15,216,4750,MALE,8.26548,-26.7699,NA,11/4/08
190,PAL0809,45,Gentoo,Anvers,Biscoe,"Adult, 1 Egg Stage",N8A1,Yes,11/3/08,50.5,15.9,222,5550,MALE,8.46894,-26.60436,NA,11/3/08
191,PAL0809,46,Gentoo,Anvers,Biscoe,"Adult, 1 Egg Stage",N8A2,Yes,11/3/08,43.6,13.9,217,4900,FEMALE,8.27141,-26.7765,NA,11/3/08
192,PAL0809,47,Gentoo,Anvers,Biscoe,"Adult, 1 Egg Stage",N11A1,No,11/9/08,45.5,13.9,210,4200,FEMALE,8.47829,-26.61788,Nest never observed with full clutch.,11/9/08
193,PAL0809,48,Gentoo,Anvers,Biscoe,"Adult, 1 Egg Stage",N11A2,No,11/9/08,50.5,15.9,225,5400,MALE,8.65803,-26.57585,Nest never observed with full clutch.,11/9/08
194,PAL0809,49,Gentoo,Anvers,Biscoe,"Adult, 1 Egg Stage",N12A1,Yes,11/2/08,44.9,13.3,213,5100,FEMALE,8.45167,-26.89644,NA,11/2/08
195,PAL0809,50,Gentoo,Anvers,Biscoe,"Adult, 1 Egg Stage",N12A2,Yes,11/2/08,45.2,15.8,215,5300,MALE,8.55868,-26.67799,NA,11/2/08
196,PAL0809,51,Gentoo,Anvers,Biscoe,"Adult, 1 Egg Stage",N13A1,Yes,11/4/08,46.6,14.2,210,4850,FEMALE,8.38289,-26.86352,NA,11/4/08
197,PAL0809,52,Gentoo,Anvers,Biscoe,"Adult, 1 Egg Stage",N13A2,Yes,11/4/08,48.5,14.1,220,5300,MALE,8.39867,-26.79358,NA,11/4/08
198,PAL0809,53,Gentoo,Anvers,Biscoe,"Adult, 1 Egg Stage",N14A1,Yes,11/4/08,45.1,14.4,210,4400,FEMALE,8.51951,-27.01854,NA,11/4/08
199,PAL0809,54,Gentoo,Anvers,Biscoe,"Adult, 1 Egg Stage",N14A2,Yes,11/4/08,50.1,15,225,5000,MALE,8.50153,-26.61414,NA,11/4/08
200,PAL0809,55,Gentoo,Anvers,Biscoe,"Adult, 1 Egg Stage",N15A1,Yes,11/4/08,46.5,14.4,217,4900,FEMALE,8.48789,-26.83006,NA,11/4/08
201,PAL0809,56,Gentoo,Anvers,Biscoe,"Adult, 1 Egg Stage",N15A2,Yes,11/4/08,45,15.4,220,5050,MALE,8.63488,-26.75621,NA,11/4/08
202,PAL0809,57,Gentoo,Anvers,Biscoe,"Adult, 1 Egg Stage",N16A1,Yes,11/3/08,43.8,13.9,208,4300,FEMALE,8.58319,-26.84415,NA,11/3/08
203,PAL0809,58,Gentoo,Anvers,Biscoe,"Adult, 1 Egg Stage",N16A2,Yes,11/3/08,45.5,15,220,5000,MALE,8.63604,-26.7489,NA,11/3/08
204,PAL0809,59,Gentoo,Anvers,Biscoe,"Adult, 1 Egg Stage",N17A1,Yes,11/6/08,43.2,14.5,208,4450,FEMALE,8.48367,-26.86485,NA,11/6/08
205,PAL0809,60,Gentoo,Anvers,Biscoe,"Adult, 1 Egg Stage",N17A2,Yes,11/6/08,50.4,15.3,224,5550,MALE,8.74647,-26.79846,NA,11/6/08
206,PAL0809,61,Gentoo,Anvers,Biscoe,"Adult, 1 Egg Stage",N18A1,Yes,11/3/08,45.3,13.8,208,4200,FEMALE,8.65015,-26.79053,NA,11/3/08
207,PAL0809,62,Gentoo,Anvers,Biscoe,"Adult, 1 Egg Stage",N18A2,Yes,11/3/08,46.2,14.9,221,5300,MALE,8.60092,-26.84374,NA,11/3/08
208,PAL0809,63,Gentoo,Anvers,Biscoe,"Adult, 1 Egg Stage",N19A1,Yes,11/13/08,45.7,13.9,214,4400,FEMALE,8.6287,-26.60484,NA,11/13/08
209,PAL0809,64,Gentoo,Anvers,Biscoe,"Adult, 1 Egg Stage",N19A2,Yes,11/13/08,54.3,15.7,231,5650,MALE,8.49662,-26.84166,NA,11/13/08
210,PAL0809,65,Gentoo,Anvers,Biscoe,"Adult, 1 Egg Stage",N20A1,Yes,11/4/08,45.8,14.2,219,4700,FEMALE,8.60447,-26.61601,NA,11/4/08
211,PAL0809,66,Gentoo,Anvers,Biscoe,"Adult, 1 Egg Stage",N20A2,Yes,11/4/08,49.8,16.8,230,5700,MALE,8.47067,-26.69166,NA,11/4/08
212,PAL0809,68,Gentoo,Anvers,Biscoe,"Adult, 1 Egg Stage",N51A2,Yes,11/9/08,49.5,16.2,229,5800,MALE,8.49854,-26.74809,NA,11/9/08
213,PAL0809,69,Gentoo,Anvers,Biscoe,"Adult, 1 Egg Stage",N53A1,Yes,11/13/08,43.5,14.2,220,4700,FEMALE,8.64931,-26.68867,NA,11/13/08
214,PAL0809,70,Gentoo,Anvers,Biscoe,"Adult, 1 Egg Stage",N53A2,Yes,11/13/08,50.7,15,223,5550,MALE,8.63551,-26.74249,NA,11/13/08
215,PAL0809,71,Gentoo,Anvers,Biscoe,"Adult, 1 Egg Stage",N54A1,Yes,11/3/08,47.7,15,216,4750,FEMALE,8.53018,-26.72751,NA,11/3/08
216,PAL0809,72,Gentoo,Anvers,Biscoe,"Adult, 1 Egg Stage",N54A2,Yes,11/3/08,46.4,15.6,221,5000,MALE,8.35078,-26.70783,NA,11/3/08
217,PAL0809,73,Gentoo,Anvers,Biscoe,"Adult, 1 Egg Stage",N55A1,Yes,11/9/08,48.2,15.6,221,5100,MALE,8.24651,-26.66958,NA,11/9/08
218,PAL0809,74,Gentoo,Anvers,Biscoe,"Adult, 1 Egg Stage",N55A2,Yes,11/9/08,46.5,14.8,217,5200,FEMALE,8.58487,-26.5929,NA,11/9/08
219,PAL0809,75,Gentoo,Anvers,Biscoe,"Adult, 1 Egg Stage",N56A1,Yes,11/6/08,46.4,15,216,4700,FEMALE,8.47938,-26.9547,NA,11/6/08
220,PAL0809,76,Gentoo,Anvers,Biscoe,"Adult, 1 Egg Stage",N56A2,Yes,11/6/08,48.6,16,230,5800,MALE,8.5964,-26.71199,NA,11/6/08
221,PAL0809,77,Gentoo,Anvers,Biscoe,"Adult, 1 Egg Stage",N58A1,Yes,11/6/08,47.5,14.2,209,4600,FEMALE,8.39299,-26.78733,NA,11/6/08
222,PAL0809,78,Gentoo,Anvers,Biscoe,"Adult, 1 Egg Stage",N58A2,Yes,11/6/08,51.1,16.3,220,6000,MALE,8.40327,-26.76821,NA,11/6/08
223,PAL0809,79,Gentoo,Anvers,Biscoe,"Adult, 1 Egg Stage",N60A1,Yes,11/9/08,45.2,13.8,215,4750,FEMALE,8.24694,-26.65359,NA,11/9/08
224,PAL0809,80,Gentoo,Anvers,Biscoe,"Adult, 1 Egg Stage",N60A2,Yes,11/9/08,45.2,16.4,223,5950,MALE,8.19749,-26.65931,NA,11/9/08
225,PAL0910,81,Gentoo,Anvers,Biscoe,"Adult, 1 Egg Stage",N1A1,Yes,11/18/09,49.1,14.5,212,4625,FEMALE,8.35802,-26.2766,NA,11/18/09
226,PAL0910,82,Gentoo,Anvers,Biscoe,"Adult, 1 Egg Stage",N1A2,Yes,11/18/09,52.5,15.6,221,5450,MALE,8.28601,-26.27573,NA,11/18/09
227,PAL0910,83,Gentoo,Anvers,Biscoe,"Adult, 1 Egg Stage",N6A1,Yes,11/15/09,47.4,14.6,212,4725,FEMALE,8.19101,-26.24369,NA,11/15/09
228,PAL0910,84,Gentoo,Anvers,Biscoe,"Adult, 1 Egg Stage",N6A2,Yes,11/15/09,50,15.9,224,5350,MALE,8.20042,-26.39677,NA,11/15/09
229,PAL0910,85,Gentoo,Anvers,Biscoe,"Adult, 1 Egg Stage",N8A1,Yes,11/22/09,44.9,13.8,212,4750,FEMALE,8.11238,-26.20372,NA,11/22/09
230,PAL0910,86,Gentoo,Anvers,Biscoe,"Adult, 1 Egg Stage",N8A2,Yes,11/22/09,50.8,17.3,228,5600,MALE,8.27428,-26.30019,NA,11/22/09
231,PAL0910,87,Gentoo,Anvers,Biscoe,"Adult, 1 Egg Stage",N13A1,Yes,11/20/09,43.4,14.4,218,4600,FEMALE,8.23468,-26.18599,NA,11/20/09
232,PAL0910,88,Gentoo,Anvers,Biscoe,"Adult, 1 Egg Stage",N13A2,Yes,11/20/09,51.3,14.2,218,5300,MALE,8.15426,-26.3433,NA,11/20/09
233,PAL0910,89,Gentoo,Anvers,Biscoe,"Adult, 1 Egg Stage",N14A1,Yes,11/25/09,47.5,14,212,4875,FEMALE,8.12691,-26.23613,NA,11/25/09
234,PAL0910,90,Gentoo,Anvers,Biscoe,"Adult, 1 Egg Stage",N14A2,Yes,11/25/09,52.1,17,230,5550,MALE,8.27595,-26.11657,NA,11/25/09
235,PAL0910,91,Gentoo,Anvers,Biscoe,"Adult, 1 Egg Stage",N15A1,Yes,11/25/09,47.5,15,218,4950,FEMALE,8.29671,-26.08547,NA,11/25/09
236,PAL0910,92,Gentoo,Anvers,Biscoe,"Adult, 1 Egg Stage",N15A2,Yes,11/25/09,52.2,17.1,228,5400,MALE,8.36701,-25.89834,NA,11/25/09
237,PAL0910,93,Gentoo,Anvers,Biscoe,"Adult, 1 Egg Stage",N18A1,Yes,12/1/09,45.5,14.5,212,4750,FEMALE,8.15566,-26.22848,NA,12/1/09
238,PAL0910,94,Gentoo,Anvers,Biscoe,"Adult, 1 Egg Stage",N18A2,Yes,12/1/09,49.5,16.1,224,5650,MALE,8.83352,-25.69195,NA,12/1/09
239,PAL0910,95,Gentoo,Anvers,Biscoe,"Adult, 1 Egg Stage",N19A1,Yes,11/27/09,44.5,14.7,214,4850,FEMALE,8.20106,-26.16524,NA,11/27/09
240,PAL0910,96,Gentoo,Anvers,Biscoe,"Adult, 1 Egg Stage",N19A2,Yes,11/27/09,50.8,15.7,226,5200,MALE,8.27102,-26.11244,NA,11/27/09
241,PAL0910,97,Gentoo,Anvers,Biscoe,"Adult, 1 Egg Stage",N20A1,Yes,11/18/09,49.4,15.8,216,4925,MALE,8.03624,-26.06594,NA,11/18/09
242,PAL0910,98,Gentoo,Anvers,Biscoe,"Adult, 1 Egg Stage",N20A2,Yes,11/18/09,46.9,14.6,222,4875,FEMALE,7.8881,-26.04726,NA,11/18/09
243,PAL0910,99,Gentoo,Anvers,Biscoe,"Adult, 1 Egg Stage",N21A1,Yes,11/18/09,48.4,14.4,203,4625,FEMALE,8.16582,-26.13971,NA,11/18/09
244,PAL0910,100,Gentoo,Anvers,Biscoe,"Adult, 1 Egg Stage",N21A2,Yes,11/18/09,51.1,16.5,225,5250,MALE,8.2066,-26.36863,NA,11/18/09
245,PAL0910,101,Gentoo,Anvers,Biscoe,"Adult, 1 Egg Stage",N22A1,Yes,11/22/09,48.5,15,219,4850,FEMALE,8.10231,-26.18763,NA,11/22/09
246,PAL0910,102,Gentoo,Anvers,Biscoe,"Adult, 1 Egg Stage",N22A2,Yes,11/22/09,55.9,17,228,5600,MALE,8.3118,-26.35425,NA,11/22/09
247,PAL0910,103,Gentoo,Anvers,Biscoe,"Adult, 1 Egg Stage",N23A1,Yes,11/18/09,47.2,15.5,215,4975,FEMALE,8.30817,-26.21651,NA,11/18/09
248,PAL0910,104,Gentoo,Anvers,Biscoe,"Adult, 1 Egg Stage",N23A2,Yes,11/18/09,49.1,15,228,5500,MALE,8.65914,-25.79203,NA,11/18/09
249,PAL0910,106,Gentoo,Anvers,Biscoe,"Adult, 1 Egg Stage",N24A2,Yes,12/1/09,46.8,16.1,215,5500,MALE,8.32359,-26.05756,NA,12/1/09
250,PAL0910,107,Gentoo,Anvers,Biscoe,"Adult, 1 Egg Stage",N28A1,Yes,11/10/09,41.7,14.7,210,4700,FEMALE,8.12311,-26.44815,NA,11/10/09
251,PAL0910,108,Gentoo,Anvers,Biscoe,"Adult, 1 Egg Stage",N28A2,Yes,11/10/09,53.4,15.8,219,5500,MALE,8.41017,-26.33867,NA,11/10/09
252,PAL0910,109,Gentoo,Anvers,Biscoe,"Adult, 1 Egg Stage",N29A1,Yes,11/9/09,43.3,14,208,4575,FEMALE,8.4207,-26.38092,NA,11/9/09
253,PAL0910,110,Gentoo,Anvers,Biscoe,"Adult, 1 Egg Stage",N29A2,Yes,11/9/09,48.1,15.1,209,5500,MALE,8.45738,-26.22664,NA,11/9/09
254,PAL0910,111,Gentoo,Anvers,Biscoe,"Adult, 1 Egg Stage",N32A1,Yes,11/20/09,50.5,15.2,216,5000,FEMALE,8.24691,-26.18466,NA,11/20/09
255,PAL0910,112,Gentoo,Anvers,Biscoe,"Adult, 1 Egg Stage",N32A2,Yes,11/20/09,49.8,15.9,229,5950,MALE,8.29226,-26.21019,NA,11/20/09
256,PAL0910,113,Gentoo,Anvers,Biscoe,"Adult, 1 Egg Stage",N34A1,Yes,11/27/09,43.5,15.2,213,4650,FEMALE,8.21634,-26.11046,NA,11/27/09
257,PAL0910,114,Gentoo,Anvers,Biscoe,"Adult, 1 Egg Stage",N34A2,Yes,11/27/09,51.5,16.3,230,5500,MALE,8.78557,-25.76147,NA,11/27/09
258,PAL0910,115,Gentoo,Anvers,Biscoe,"Adult, 1 Egg Stage",N35A1,Yes,11/25/09,46.2,14.1,217,4375,FEMALE,8.30231,-25.96013,NA,11/25/09
259,PAL0910,116,Gentoo,Anvers,Biscoe,"Adult, 1 Egg Stage",N35A2,Yes,11/25/09,55.1,16,230,5850,MALE,8.08354,-26.18161,NA,11/25/09
260,PAL0910,118,Gentoo,Anvers,Biscoe,"Adult, 1 Egg Stage",N36A2,Yes,12/1/09,48.8,16.2,222,6000,MALE,8.33825,-25.88547,NA,12/1/09
261,PAL0910,119,Gentoo,Anvers,Biscoe,"Adult, 1 Egg Stage",N38A1,No,12/1/09,47.2,13.7,214,4925,FEMALE,7.99184,-26.20538,Nest never observed with full clutch.,12/1/09
262,PAL0910,121,Gentoo,Anvers,Biscoe,"Adult, 1 Egg Stage",N39A1,Yes,11/22/09,46.8,14.3,215,4850,FEMALE,8.41151,-26.13832,NA,11/22/09
263,PAL0910,122,Gentoo,Anvers,Biscoe,"Adult, 1 Egg Stage",N39A2,Yes,11/22/09,50.4,15.7,222,5750,MALE,8.30166,-26.04117,NA,11/22/09
264,PAL0910,123,Gentoo,Anvers,Biscoe,"Adult, 1 Egg Stage",N43A1,Yes,11/22/09,45.2,14.8,212,5200,FEMALE,8.24246,-26.11969,NA,11/22/09
265,PAL0910,124,Gentoo,Anvers,Biscoe,"Adult, 1 Egg Stage",N43A2,Yes,11/22/09,49.9,16.1,213,5400,MALE,8.3639,-26.15531,NA,11/22/09
266,PAL0708,1,Chinstrap,Anvers,Dream,"Adult, 1 Egg Stage",N61A1,No,11/19/07,46.5,17.9,192,3500,FEMALE,9.03935,-24.30229,Nest never observed with full clutch.,11/19/07
267,PAL0708,2,Chinstrap,Anvers,Dream,"Adult, 1 Egg Stage",N61A2,No,11/19/07,50,19.5,196,3900,MALE,8.92069,-24.23592,Nest never observed with full clutch.,11/19/07
268,PAL0708,3,Chinstrap,Anvers,Dream,"Adult, 1 Egg Stage",N62A1,Yes,11/26/07,51.3,19.2,193,3650,MALE,9.29078,-24.7557,NA,11/26/07
269,PAL0708,4,Chinstrap,Anvers,Dream,"Adult, 1 Egg Stage",N62A2,Yes,11/26/07,45.4,18.7,188,3525,FEMALE,8.64701,-24.62717,NA,11/26/07
270,PAL0708,5,Chinstrap,Anvers,Dream,"Adult, 1 Egg Stage",N64A1,Yes,11/21/07,52.7,19.8,197,3725,MALE,9.00642,-24.61867,NA,11/21/07
271,PAL0708,6,Chinstrap,Anvers,Dream,"Adult, 1 Egg Stage",N64A2,Yes,11/21/07,45.2,17.8,198,3950,FEMALE,8.88942,-24.49433,NA,11/21/07
272,PAL0708,7,Chinstrap,Anvers,Dream,"Adult, 1 Egg Stage",N66A1,Yes,11/28/07,46.1,18.2,178,3250,FEMALE,8.85664,-24.55644,NA,11/28/07
273,PAL0708,8,Chinstrap,Anvers,Dream,"Adult, 1 Egg Stage",N66A2,Yes,11/28/07,51.3,18.2,197,3750,MALE,8.63701,-24.84059,NA,11/28/07
274,PAL0708,9,Chinstrap,Anvers,Dream,"Adult, 1 Egg Stage",N67A1,Yes,11/21/07,46,18.9,195,4150,FEMALE,8.47173,-24.29229,NA,11/21/07
275,PAL0708,10,Chinstrap,Anvers,Dream,"Adult, 1 Egg Stage",N67A2,Yes,11/21/07,51.3,19.9,198,3700,MALE,8.79581,-24.36088,NA,11/21/07
276,PAL0708,11,Chinstrap,Anvers,Dream,"Adult, 1 Egg Stage",N68A1,Yes,11/28/07,46.6,17.8,193,3800,FEMALE,8.95063,-24.59897,NA,11/28/07
277,PAL0708,12,Chinstrap,Anvers,Dream,"Adult, 1 Egg Stage",N68A2,Yes,11/28/07,51.7,20.3,194,3775,MALE,8.68747,-24.38751,NA,11/28/07
278,PAL0708,13,Chinstrap,Anvers,Dream,"Adult, 1 Egg Stage",N69A1,Yes,11/26/07,47,17.3,185,3700,FEMALE,8.72037,-24.80526,NA,11/26/07
279,PAL0708,14,Chinstrap,Anvers,Dream,"Adult, 1 Egg Stage",N69A2,Yes,11/26/07,52,18.1,201,4050,MALE,9.0233,-24.38933,NA,11/26/07
280,PAL0708,15,Chinstrap,Anvers,Dream,"Adult, 1 Egg Stage",N70A1,Yes,11/22/07,45.9,17.1,190,3575,FEMALE,9.12277,-24.90024,NA,11/22/07
281,PAL0708,16,Chinstrap,Anvers,Dream,"Adult, 1 Egg Stage",N70A2,Yes,11/22/07,50.5,19.6,201,4050,MALE,9.8059,-24.7294,NA,11/22/07
282,PAL0708,17,Chinstrap,Anvers,Dream,"Adult, 1 Egg Stage",N71A1,No,11/30/07,50.3,20,197,3300,MALE,10.02019,-24.54704,Nest never observed with full clutch.,11/30/07
283,PAL0708,18,Chinstrap,Anvers,Dream,"Adult, 1 Egg Stage",N71A2,No,11/30/07,58,17.8,181,3700,FEMALE,9.14382,-24.57994,Nest never observed with full clutch.,11/30/07
284,PAL0708,19,Chinstrap,Anvers,Dream,"Adult, 1 Egg Stage",N72A1,Yes,11/30/07,46.4,18.6,190,3450,FEMALE,9.32105,-24.64162,NA,11/30/07
285,PAL0708,20,Chinstrap,Anvers,Dream,"Adult, 1 Egg Stage",N72A2,Yes,11/30/07,49.2,18.2,195,4400,MALE,9.27158,-24.64335,NA,11/30/07
286,PAL0708,21,Chinstrap,Anvers,Dream,"Adult, 1 Egg Stage",N73A1,Yes,12/3/07,42.4,17.3,181,3600,FEMALE,9.35138,-24.6879,NA,12/3/07
287,PAL0708,22,Chinstrap,Anvers,Dream,"Adult, 1 Egg Stage",N73A2,Yes,12/3/07,48.5,17.5,191,3400,MALE,9.42666,-24.26375,NA,12/3/07
288,PAL0708,23,Chinstrap,Anvers,Dream,"Adult, 1 Egg Stage",N85A1,No,11/28/07,43.2,16.6,187,2900,FEMALE,9.35416,-25.01185,Nest never observed with full clutch.,11/28/07
289,PAL0708,24,Chinstrap,Anvers,Dream,"Adult, 1 Egg Stage",N85A2,No,11/28/07,50.6,19.4,193,3800,MALE,9.28153,-24.97134,Nest never observed with full clutch.,11/28/07
290,PAL0708,25,Chinstrap,Anvers,Dream,"Adult, 1 Egg Stage",N89A1,No,11/28/07,46.7,17.9,195,3300,FEMALE,9.74144,-24.59467,Nest never observed with full clutch.,11/28/07
291,PAL0708,26,Chinstrap,Anvers,Dream,"Adult, 1 Egg Stage",N89A2,No,11/28/07,52,19,197,4150,MALE,9.36799,-24.47142,Nest never observed with full clutch.,11/28/07
292,PAL0809,27,Chinstrap,Anvers,Dream,"Adult, 1 Egg Stage",N61A1,No,11/25/08,50.5,18.4,200,3400,FEMALE,8.9399,-23.89017,Nest never observed with full clutch.,11/25/08
293,PAL0809,28,Chinstrap,Anvers,Dream,"Adult, 1 Egg Stage",N61A2,No,11/25/08,49.5,19,200,3800,MALE,9.63074,-24.34684,Nest never observed with full clutch.,11/25/08
294,PAL0809,29,Chinstrap,Anvers,Dream,"Adult, 1 Egg Stage",N62A1,Yes,11/14/08,46.4,17.8,191,3700,FEMALE,9.37369,-24.52896,NA,11/14/08
295,PAL0809,30,Chinstrap,Anvers,Dream,"Adult, 1 Egg Stage",N62A2,Yes,11/14/08,52.8,20,205,4550,MALE,9.25177,-24.69638,NA,11/14/08
296,PAL0809,31,Chinstrap,Anvers,Dream,"Adult, 1 Egg Stage",N63A1,Yes,11/24/08,40.9,16.6,187,3200,FEMALE,9.08458,-24.54903,NA,11/24/08
297,PAL0809,32,Chinstrap,Anvers,Dream,"Adult, 1 Egg Stage",N63A2,Yes,11/24/08,54.2,20.8,201,4300,MALE,9.49283,-24.59996,NA,11/24/08
298,PAL0809,33,Chinstrap,Anvers,Dream,"Adult, 1 Egg Stage",N65A1,Yes,11/24/08,42.5,16.7,187,3350,FEMALE,9.36668,-24.45195,NA,11/24/08
299,PAL0809,34,Chinstrap,Anvers,Dream,"Adult, 1 Egg Stage",N65A2,Yes,11/24/08,51,18.8,203,4100,MALE,9.23196,-24.17282,NA,11/24/08
300,PAL0809,35,Chinstrap,Anvers,Dream,"Adult, 1 Egg Stage",N67A1,Yes,11/25/08,49.7,18.6,195,3600,MALE,9.75486,-24.31198,NA,11/25/08
301,PAL0809,36,Chinstrap,Anvers,Dream,"Adult, 1 Egg Stage",N67A2,Yes,11/25/08,47.5,16.8,199,3900,FEMALE,9.07825,-25.1455,NA,11/25/08
302,PAL0809,37,Chinstrap,Anvers,Dream,"Adult, 1 Egg Stage",N69A1,Yes,11/14/08,47.6,18.3,195,3850,FEMALE,8.83502,-24.65859,NA,11/14/08
303,PAL0809,38,Chinstrap,Anvers,Dream,"Adult, 1 Egg Stage",N69A2,Yes,11/14/08,52,20.7,210,4800,MALE,9.43146,-24.6844,NA,11/14/08
304,PAL0809,39,Chinstrap,Anvers,Dream,"Adult, 1 Egg Stage",N72A1,No,11/24/08,46.9,16.6,192,2700,FEMALE,9.80589,-24.73735,Nest never observed with full clutch.,11/24/08
305,PAL0809,40,Chinstrap,Anvers,Dream,"Adult, 1 Egg Stage",N72A2,No,11/24/08,53.5,19.9,205,4500,MALE,10.02544,-24.90816,Nest never observed with full clutch.,11/24/08
306,PAL0809,41,Chinstrap,Anvers,Dream,"Adult, 1 Egg Stage",N74A1,Yes,11/24/08,49,19.5,210,3950,MALE,9.53262,-24.66867,NA,11/24/08
307,PAL0809,42,Chinstrap,Anvers,Dream,"Adult, 1 Egg Stage",N74A2,Yes,11/24/08,46.2,17.5,187,3650,FEMALE,9.61734,-24.66188,NA,11/24/08
308,PAL0809,43,Chinstrap,Anvers,Dream,"Adult, 1 Egg Stage",N75A1,Yes,11/14/08,50.9,19.1,196,3550,MALE,10.02372,-24.86594,NA,11/14/08
309,PAL0809,44,Chinstrap,Anvers,Dream,"Adult, 1 Egg Stage",N75A2,Yes,11/14/08,45.5,17,196,3500,FEMALE,9.36493,-24.66259,NA,11/14/08
310,PAL0910,45,Chinstrap,Anvers,Dream,"Adult, 1 Egg Stage",N86A1,Yes,11/17/09,50.9,17.9,196,3675,FEMALE,9.43684,-24.16566,NA,11/17/09
311,PAL0910,46,Chinstrap,Anvers,Dream,"Adult, 1 Egg Stage",N86A2,Yes,11/17/09,50.8,18.5,201,4450,MALE,9.45827,-24.35575,NA,11/17/09
312,PAL0910,47,Chinstrap,Anvers,Dream,"Adult, 1 Egg Stage",N87A1,Yes,11/27/09,50.1,17.9,190,3400,FEMALE,9.46819,-24.45721,NA,11/27/09
313,PAL0910,48,Chinstrap,Anvers,Dream,"Adult, 1 Egg Stage",N87A2,Yes,11/27/09,49,19.6,212,4300,MALE,9.34089,-24.45189,NA,11/27/09
314,PAL0910,49,Chinstrap,Anvers,Dream,"Adult, 1 Egg Stage",N88A1,Yes,11/23/09,51.5,18.7,187,3250,MALE,9.6895,-24.43062,NA,11/23/09
315,PAL0910,50,Chinstrap,Anvers,Dream,"Adult, 1 Egg Stage",N88A2,Yes,11/23/09,49.8,17.3,198,3675,FEMALE,9.32169,-24.41562,NA,11/23/09
316,PAL0910,51,Chinstrap,Anvers,Dream,"Adult, 1 Egg Stage",N90A1,Yes,11/21/09,48.1,16.4,199,3325,FEMALE,9.46929,-24.48403,NA,11/21/09
317,PAL0910,52,Chinstrap,Anvers,Dream,"Adult, 1 Egg Stage",N90A2,Yes,11/21/09,51.4,19,201,3950,MALE,9.43782,-24.36202,NA,11/21/09
318,PAL0910,53,Chinstrap,Anvers,Dream,"Adult, 1 Egg Stage",N92A1,Yes,11/23/09,45.7,17.3,193,3600,FEMALE,9.415,-24.805,NA,11/23/09
319,PAL0910,54,Chinstrap,Anvers,Dream,"Adult, 1 Egg Stage",N92A2,Yes,11/23/09,50.7,19.7,203,4050,MALE,9.93727,-24.59066,NA,11/23/09
320,PAL0910,55,Chinstrap,Anvers,Dream,"Adult, 1 Egg Stage",N93A1,Yes,11/27/09,42.5,17.3,187,3350,FEMALE,9.56534,-24.60882,NA,11/27/09
321,PAL0910,56,Chinstrap,Anvers,Dream,"Adult, 1 Egg Stage",N93A2,Yes,11/27/09,52.2,18.8,197,3450,MALE,9.77528,-24.56481,NA,11/27/09
322,PAL0910,57,Chinstrap,Anvers,Dream,"Adult, 1 Egg Stage",N94A1,Yes,11/21/09,45.2,16.6,191,3250,FEMALE,9.62357,-24.78984,NA,11/21/09
323,PAL0910,58,Chinstrap,Anvers,Dream,"Adult, 1 Egg Stage",N94A2,Yes,11/21/09,49.3,19.9,203,4050,MALE,9.88809,-24.59513,NA,11/21/09
324,PAL0910,59,Chinstrap,Anvers,Dream,"Adult, 1 Egg Stage",N95A1,Yes,11/21/09,50.2,18.8,202,3800,MALE,9.74492,-24.404,NA,11/21/09
325,PAL0910,60,Chinstrap,Anvers,Dream,"Adult, 1 Egg Stage",N95A2,Yes,11/21/09,45.6,19.4,194,3525,FEMALE,9.46985,-24.65786,NA,11/21/09
326,PAL0910,61,Chinstrap,Anvers,Dream,"Adult, 1 Egg Stage",N96A1,Yes,11/27/09,51.9,19.5,206,3950,MALE,NA,-23.78767,No delta15N data received from lab.,11/27/09
327,PAL0910,62,Chinstrap,Anvers,Dream,"Adult, 1 Egg Stage",N96A2,Yes,11/27/09,46.8,16.5,189,3650,FEMALE,9.65061,-24.48153,NA,11/27/09
328,PAL0910,63,Chinstrap,Anvers,Dream,"Adult, 1 Egg Stage",N98A1,Yes,11/19/09,45.7,17,195,3650,FEMALE,9.26715,-24.31912,NA,11/19/09
329,PAL0910,64,Chinstrap,Anvers,Dream,"Adult, 1 Egg Stage",N98A2,Yes,11/19/09,55.8,19.8,207,4000,MALE,9.70465,-24.53494,NA,11/19/09
330,PAL0910,65,Chinstrap,Anvers,Dream,"Adult, 1 Egg Stage",N99A1,No,11/21/09,43.5,18.1,202,3400,FEMALE,9.37608,-24.40753,Nest never observed with full clutch.,11/21/09
331,PAL0910,66,Chinstrap,Anvers,Dream,"Adult, 1 Egg Stage",N99A2,No,11/21/09,49.6,18.2,193,3775,MALE,9.4618,-24.70615,Nest never observed with full clutch.,11/21/09
332,PAL0910,67,Chinstrap,Anvers,Dream,"Adult, 1 Egg Stage",N100A1,Yes,11/21/09,50.8,19,210,4100,MALE,9.98044,-24.68741,NA,11/21/09
333,PAL0910,68,Chinstrap,Anvers,Dream,"Adult, 1 Egg Stage",N100A2,Yes,11/21/09,50.2,18.7,198,3775,FEMALE,9.39305,-24.25255,NA,11/21/09